id,first_name,last_name,email,gender,ip_address
1,Juliane,Pires,jpires0@who.int,Female,195.121.102.137
2,Isahella,Shenley,ishenley1@g.co,Female,47.228.252.22
3,Vincenty,Caddies,vcaddies2@4shared.com,Male,242.113.137.58
4,Roosevelt,Baudet,rbaudet3@moonfruit.com,Agender,115.84.108.66
5,Neville,Donati,ndonati4@discovery.com,Male,76.216.70.154
6,Kendal,Sargood,ksargood5@umich.edu,Male,26.52.45.27
7,Trula,Hurler,thurler6@nifty.com,Female,182.237.238.97
8,Lauree,Eccleston,leccleston7@apple.com,Female,46.194.39.153
9,Ike,Khristyukhin,ikhristyukhin8@so-net.ne.jp,Male,150.194.168.208
10,Annetta,Camlin,acamlin9@engadget.com,Female,197.35.213.225
11,Lewie,Liven,llivena@berkeley.edu,Male,220.221.83.149
12,Nicolina,Laxson,nlaxsonb@aboutads.info,Female,59.227.50.83
13,Frieda,Ashby,fashbyc@dell.com,Female,40.225.188.121
14,Juliane,Jeayes,jjeayesd@google.fr,Genderfluid,38.53.176.119
15,Lorenzo,Geerdts,lgeerdtse@bbc.co.uk,Male,208.142.86.194
16,Ade,Borgars,aborgarsf@illinois.edu,Male,74.36.206.216
17,Celestina,Toohey,ctooheyg@loc.gov,Female,120.90.55.149
18,Dewain,Jonin,djoninh@google.com.hk,Male,1.210.244.130
19,Zulema,Lafontaine,zlafontainei@yellowpages.com,Female,29.55.100.111
20,Humfrey,Summersby,hsummersbyj@hhs.gov,Male,39.172.11.154
21,Verine,Colloff,vcolloffk@chron.com,Female,133.122.31.28
22,Boothe,Scallan,bscallanl@tuttocitta.it,Male,2.103.44.185
23,Janos,Darell,jdarellm@mysql.com,Male,133.221.52.180
24,Crin,Goolden,cgooldenn@oracle.com,Female,158.97.8.39
25,Kimberlyn,Hinsche,khinscheo@unesco.org,Female,2.24.8.159
26,Antonin,Storrier,astorrierp@sitemeter.com,Male,207.187.180.130
27,Linc,Inglish,linglishq@yellowpages.com,Male,73.153.41.196
28,Mona,McCord,mmccordr@scribd.com,Bigender,126.74.140.182
29,Judy,Lawless,jlawlesss@fastcompany.com,Female,182.99.157.238
30,Anallise,Orwin,aorwint@webmd.com,Female,239.72.223.219
31,Hendrika,Van Eeden,hvaneedenu@hatena.ne.jp,Female,153.187.252.66
32,Omero,Teague,oteaguev@behance.net,Male,91.92.35.55
33,Berky,Allflatt,ballflattw@furl.net,Male,161.102.234.227
34,Lalo,Raoul,lraoulx@github.io,Male,169.75.216.227
35,Frank,Easthope,feasthopey@slashdot.org,Female,154.23.215.219
36,Stephen,Ullyott,sullyottz@nih.gov,Male,109.21.162.166
37,Pietra,Quakley,pquakley10@joomla.org,Female,80.149.150.82
38,Isacco,Jesper,ijesper11@digg.com,Male,129.149.187.228
39,Freddie,Yakolev,fyakolev12@usda.gov,Female,251.202.250.11
40,Kermit,Zoane,kzoane13@dedecms.com,Male,110.242.54.255
41,Hewe,Grunson,hgrunson14@yale.edu,Male,93.133.165.76
42,Mandel,Linney,mlinney15@economist.com,Male,146.117.139.244
43,Sander,Orme,sorme16@nih.gov,Male,144.143.203.74
44,Lucy,Osan,losan17@meetup.com,Female,207.92.168.16
45,Kristina,Dumper,kdumper18@godaddy.com,Female,164.136.128.57
46,Juieta,Pawelczyk,jpawelczyk19@hostgator.com,Female,112.205.173.3
47,Paddy,Gorghetto,pgorghetto1a@csmonitor.com,Male,222.143.114.235
48,Crawford,Opdenort,copdenort1b@tuttocitta.it,Male,83.255.65.221
49,Dallis,Whapple,dwhapple1c@netlog.com,Male,243.11.125.180
50,Kirstyn,Sketcher,ksketcher1d@hhs.gov,Female,131.94.64.175
51,Roxane,Stebbings,rstebbings1e@rediff.com,Female,135.194.110.123
52,George,Cannaway,gcannaway1f@dot.gov,Male,243.60.181.32
53,Emmalynn,Stoyell,estoyell1g@addtoany.com,Female,127.50.135.132
54,Elyse,Chilver,echilver1h@ycombinator.com,Female,97.170.91.68
55,Hart,Sawrey,hsawrey1i@myspace.com,Male,60.159.132.165
56,Roland,Philipard,rphilipard1j@patch.com,Male,24.2.59.252
57,Bjorn,Jobbings,bjobbings1k@smh.com.au,Male,177.7.178.105
58,Ellswerth,Climpson,eclimpson1l@parallels.com,Male,43.78.21.69
59,Rory,Aird,raird1m@360.cn,Male,98.248.113.248
60,Obadiah,Cleverley,ocleverley1n@etsy.com,Male,93.68.206.3
61,Katha,Maddick,kmaddick1o@blogtalkradio.com,Non-binary,220.174.55.191
62,Gaelan,Pindred,gpindred1p@economist.com,Male,227.198.249.65
63,Agnesse,Thormwell,athormwell1q@tamu.edu,Female,95.160.80.102
64,Calida,Somerfield,csomerfield1r@nps.gov,Female,100.32.174.149
65,Victoria,Pinel,vpinel1s@hubpages.com,Female,194.89.11.56
66,Moore,Tilt,mtilt1t@nationalgeographic.com,Male,32.79.227.128
67,Arni,Peron,aperon1u@github.io,Male,136.25.216.204
68,Hazel,Stainson,hstainson1v@vkontakte.ru,Female,164.143.108.64
69,Koralle,Jurisic,kjurisic1w@booking.com,Female,93.22.170.9
70,Phaidra,Franckton,pfranckton1x@skyrock.com,Female,142.61.218.146
71,Burty,Collaton,bcollaton1y@prweb.com,Male,38.5.144.148
72,Dolly,Aleavy,daleavy1z@free.fr,Female,182.206.233.88
73,Hartley,Plume,hplume20@imdb.com,Male,197.233.195.50
74,Guillemette,Hazelden,ghazelden21@un.org,Female,52.172.144.97
75,Ulrikaumeko,Deakin,udeakin22@surveymonkey.com,Female,171.89.169.247
76,Octavius,Adamovsky,oadamovsky23@geocities.jp,Non-binary,17.58.24.177
77,Andras,Ragge,aragge24@example.com,Male,33.222.230.83
78,Huberto,Gwillim,hgwillim25@ezinearticles.com,Male,74.27.57.5
79,Carmella,Till,ctill26@redcross.org,Female,138.219.37.135
80,Archaimbaud,How,ahow27@reverbnation.com,Male,25.10.197.249
81,Thornton,Bambrick,tbambrick28@pagesperso-orange.fr,Male,234.120.141.191
82,Eddy,Maryin,emaryin29@i2i.jp,Female,1.161.26.49
83,Marline,Garaghan,mgaraghan2a@twitter.com,Female,39.143.118.143
84,Greer,Gosdin,ggosdin2b@cbc.ca,Female,87.119.153.22
85,Reinhard,Djuricic,rdjuricic2c@blogspot.com,Male,209.55.244.216
86,Jennine,Farrington,jfarrington2d@google.com.hk,Female,60.132.145.144
87,Evie,Bruna,ebruna2e@usatoday.com,Female,21.149.189.111
88,Porter,Hogben,phogben2f@yolasite.com,Polygender,41.246.42.13
89,Cleveland,Finlow,cfinlow2g@yellowbook.com,Male,76.52.196.197
90,Jennifer,Taylo,jtaylo2h@symantec.com,Female,73.145.60.249
91,Ad,Stooders,astooders2i@ca.gov,Male,106.40.40.197
92,Tony,Hadleigh,thadleigh2j@over-blog.com,Female,30.154.50.69
93,Park,Tuison,ptuison2k@yellowbook.com,Male,65.101.135.35
94,Briggs,Blowfield,bblowfield2l@gov.uk,Male,102.67.249.164
95,Darsie,Rolles,drolles2m@va.gov,Genderfluid,237.106.16.86
96,Clair,Darby,cdarby2n@over-blog.com,Female,224.157.56.51
97,Tyrone,Brimilcombe,tbrimilcombe2o@woothemes.com,Male,81.52.100.136
98,Liane,Beccles,lbeccles2p@globo.com,Female,52.53.171.41
99,Urbanus,O' Ronan,uoronan2q@issuu.com,Male,170.246.147.71
100,Erastus,Josovitz,ejosovitz2r@lulu.com,Male,110.90.162.199
101,Tedda,Wapples,twapples2s@wix.com,Female,97.91.201.117
102,Kane,Searle,ksearle2t@discovery.com,Male,192.51.197.7
103,Ugo,Massimi,umassimi2u@elpais.com,Male,68.183.85.136
104,Irv,Jeanenet,ijeanenet2v@sbwire.com,Male,39.151.65.204
105,Gertruda,Hutson,ghutson2w@state.tx.us,Female,193.175.200.53
106,Lindsay,Kingstne,lkingstne2x@e-recht24.de,Male,206.83.20.123
107,Artus,Arnolds,aarnolds2y@ebay.com,Male,91.208.89.176
108,Klemens,Bodimeade,kbodimeade2z@scribd.com,Male,162.155.96.95
109,Conrad,Spinley,cspinley30@multiply.com,Male,90.224.141.50
110,Francis,Jancar,fjancar31@ibm.com,Male,40.140.25.126
111,Joshua,Tomlinson,jtomlinson32@topsy.com,Male,21.165.219.187
112,Kit,Tallyn,ktallyn33@yelp.com,Male,239.17.105.228
113,Kelby,Arndt,karndt34@umich.edu,Male,108.0.104.244
114,Helene,Chesshyre,hchesshyre35@jugem.jp,Female,242.0.159.19
115,Moll,Lidgard,mlidgard36@theatlantic.com,Female,93.153.150.238
116,Audry,Dyster,adyster37@furl.net,Female,100.128.222.139
117,Dale,McPhelimey,dmcphelimey38@constantcontact.com,Female,54.81.100.76
118,Cirillo,Biasetti,cbiasetti39@yolasite.com,Male,60.231.185.109
119,Urbain,Otson,uotson3a@statcounter.com,Male,129.106.130.245
120,Rosalynd,Sweedy,rsweedy3b@cnbc.com,Female,212.148.219.36
121,Gregor,Rowney,growney3c@comsenz.com,Male,191.221.42.171
122,Juan,Cremins,jcremins3d@disqus.com,Male,213.146.166.255
123,Odille,Izod,oizod3e@hud.gov,Female,130.51.230.185
124,Emmy,Ridsdale,eridsdale3f@hostgator.com,Female,17.88.107.116
125,Ward,Gerrard,wgerrard3g@nymag.com,Male,127.176.2.127
126,Linn,Elleton,lelleton3h@smugmug.com,Female,99.240.223.144
127,Katha,Plumbridge,kplumbridge3i@youtube.com,Agender,227.111.95.40
128,Ruth,Piatkowski,rpiatkowski3j@craigslist.org,Female,94.161.138.236
129,Gawen,Ryam,gryam3k@craigslist.org,Male,11.12.195.52
130,Jarid,McKomb,jmckomb3l@wiley.com,Male,136.17.245.197
131,Marcellus,Darcey,mdarcey3m@rakuten.co.jp,Male,235.252.250.116
132,Fidelio,Coneybeer,fconeybeer3n@imdb.com,Male,242.71.119.0
133,Renee,Lingard,rlingard3o@wiley.com,Female,89.186.65.236
134,Felicle,Hardesty,fhardesty3p@livejournal.com,Female,245.104.19.157
135,Denis,MacLardie,dmaclardie3q@sakura.ne.jp,Male,88.19.60.231
136,Edvard,Heeran,eheeran3r@ezinearticles.com,Male,6.194.16.245
137,Ogden,Rowbottam,orowbottam3s@epa.gov,Male,133.55.112.144
138,Thurstan,Maydwell,tmaydwell3t@zimbio.com,Male,154.50.95.243
139,Cicily,Longman,clongman3u@washington.edu,Bigender,221.56.243.179
140,Peyton,Larchiere,plarchiere3v@jimdo.com,Male,84.220.68.152
141,Malinde,Romaines,mromaines3w@ifeng.com,Female,244.183.32.169
142,Daphna,Flacke,dflacke3x@smh.com.au,Female,168.248.88.175
143,Sol,McEvay,smcevay3y@businessweek.com,Male,124.149.70.236
144,Petrina,Robey,probey3z@arstechnica.com,Agender,178.162.24.109
145,Niko,O'Shee,noshee40@google.ru,Agender,174.198.58.96
146,Belinda,Reding,breding41@lycos.com,Female,167.5.93.67
147,Brina,McGall,bmcgall42@vk.com,Female,154.227.181.242
148,Sawyere,Reaveley,sreaveley43@ycombinator.com,Male,95.92.109.234
149,Ange,London,alondon44@bloglines.com,Male,20.100.192.213
150,Smith,Shrieve,sshrieve45@google.nl,Male,192.213.40.232
151,Edd,Copestick,ecopestick46@unblog.fr,Male,64.118.15.247
152,Fiorenze,Geaney,fgeaney47@cdc.gov,Female,34.13.23.59
153,Oates,Geddes,ogeddes48@list-manage.com,Male,78.63.70.84
154,Janenna,Fitter,jfitter49@360.cn,Female,138.59.75.75
155,Osmund,Crockett,ocrockett4a@nytimes.com,Male,238.180.50.46
156,Nefen,Spick,nspick4b@lulu.com,Male,253.71.91.58
157,Rachelle,Hurdedge,rhurdedge4c@state.tx.us,Female,214.105.47.219
158,Andrei,Forsyde,aforsyde4d@vimeo.com,Female,169.58.252.143
159,Basil,Klawi,bklawi4e@example.com,Male,40.64.132.70
160,Brendis,Halpen,bhalpen4f@omniture.com,Male,184.33.198.12
161,Netty,Cowwell,ncowwell4g@dell.com,Female,231.23.18.253
162,Ruttger,Keeling,rkeeling4h@tumblr.com,Male,184.181.255.168
163,Penni,Andreoletti,pandreoletti4i@networksolutions.com,Bigender,205.206.81.87
164,Morley,Lemmertz,mlemmertz4j@princeton.edu,Male,90.140.177.236
165,Chere,Benedettini,cbenedettini4k@4shared.com,Polygender,229.99.15.239
166,Cleo,Poynor,cpoynor4l@cafepress.com,Female,84.98.15.231
167,Hi,Stallworth,hstallworth4m@eepurl.com,Male,63.239.90.81
168,Jourdan,Deighan,jdeighan4n@mapy.cz,Female,113.163.122.211
169,Silvester,Baulch,sbaulch4o@marriott.com,Male,239.117.127.6
170,Jourdain,Tees,jtees4p@webeden.co.uk,Male,35.174.137.24
171,Madelyn,O'Duilleain,moduilleain4q@google.co.uk,Female,145.208.215.65
172,Ysabel,Adolfson,yadolfson4r@cnbc.com,Female,47.77.133.86
173,Berne,Burgan,bburgan4s@soup.io,Male,119.225.152.165
174,Lenna,Spencook,lspencook4t@answers.com,Female,190.73.169.57
175,Venita,Jacobson,vjacobson4u@webeden.co.uk,Female,137.137.191.113
176,Abdel,Haskey,ahaskey4v@dailymail.co.uk,Male,177.15.127.11
177,Siana,Regina,sregina4w@yellowpages.com,Female,41.52.90.161
178,Mirna,Finnimore,mfinnimore4x@amazonaws.com,Female,186.235.206.204
179,Noel,Edmeads,nedmeads4y@mysql.com,Male,48.188.157.84
180,Rosemarie,Sandys,rsandys4z@youtube.com,Female,116.54.198.77
181,Sterne,Ferras,sferras50@geocities.jp,Male,47.118.66.212
182,Kendricks,Woolley,kwoolley51@sogou.com,Male,111.140.134.163
183,Latia,Humphrys,lhumphrys52@hp.com,Female,51.164.209.45
184,Thaxter,Ewbank,tewbank53@aol.com,Male,67.168.85.213
185,Madella,Sowter,msowter54@tuttocitta.it,Female,253.162.5.158
186,Adriano,Craft,acraft55@addtoany.com,Agender,23.168.121.130
187,Paul,Zorzoni,pzorzoni56@huffingtonpost.com,Male,212.239.159.131
188,Hannah,Astman,hastman57@noaa.gov,Female,69.209.150.55
189,Nomi,Dominik,ndominik58@imageshack.us,Female,232.247.239.235
190,Harriet,Housley,hhousley59@gnu.org,Female,210.151.63.26
191,Linet,Treend,ltreend5a@fc2.com,Female,104.26.130.31
192,Terence,Twidale,ttwidale5b@ucoz.ru,Male,220.160.106.205
193,Kalie,Bythell,kbythell5c@blogtalkradio.com,Female,210.63.186.247
194,Sherlock,Monkton,smonkton5d@trellian.com,Male,153.63.112.179
195,Eirena,Phair,ephair5e@indiatimes.com,Polygender,120.193.22.120
196,Nathaniel,Frome,nfrome5f@gravatar.com,Male,121.181.42.218
197,Cal,Temple,ctemple5g@naver.com,Female,54.74.220.164
198,Correy,Heersma,cheersma5h@nyu.edu,Male,124.210.141.2
199,Kristine,Redolfi,kredolfi5i@yellowbook.com,Bigender,192.42.4.117
200,Dody,Kinchley,dkinchley5j@si.edu,Female,225.100.216.245
201,Bord,Mattingly,bmattingly5k@ocn.ne.jp,Male,90.201.233.224
202,Riley,Villa,rvilla5l@reuters.com,Male,97.241.215.136
203,Wenona,Knoller,wknoller5m@dell.com,Female,187.224.83.21
204,Caitrin,Enderle,cenderle5n@cbsnews.com,Female,240.34.98.68
205,Melania,Linebarger,mlinebarger5o@biblegateway.com,Genderqueer,94.254.247.130
206,Roberta,Tweedie,rtweedie5p@tamu.edu,Female,191.81.80.232
207,Ollie,Stanluck,ostanluck5q@bbc.co.uk,Male,73.229.164.131
208,Ilise,Longfellow,ilongfellow5r@xinhuanet.com,Female,168.244.215.215
209,Ulrich,Packwood,upackwood5s@csmonitor.com,Male,179.227.80.196
210,Torin,Pomroy,tpomroy5t@state.gov,Male,42.31.26.10
211,Bette-ann,Everall,beverall5u@discuz.net,Female,35.100.183.90
212,Umeko,Bridgstock,ubridgstock5v@ovh.net,Female,61.211.88.121
213,Rasia,Billingham,rbillingham5w@ow.ly,Female,72.54.170.138
214,Ardyce,Crutchfield,acrutchfield5x@jiathis.com,Female,25.63.20.26
215,Laurel,Sawnwy,lsawnwy5y@multiply.com,Female,63.160.177.1
216,Christos,Ardern,cardern5z@dmoz.org,Male,244.26.94.12
217,Man,Sparrowe,msparrowe60@symantec.com,Male,225.28.230.93
218,Darill,Gianettini,dgianettini61@loc.gov,Male,56.6.143.225
219,Sandy,Passe,spasse62@nbcnews.com,Male,246.202.111.141
220,Fleming,Murtagh,fmurtagh63@arizona.edu,Male,243.133.211.254
221,Sibylle,Fleckness,sfleckness64@nhs.uk,Female,89.59.32.234
222,Giovanni,Powles,gpowles65@china.com.cn,Male,24.236.227.54
223,Honey,Beacham,hbeacham66@aol.com,Female,13.40.42.178
224,Perry,Tootin,ptootin67@about.com,Male,200.15.12.75
225,Kariotta,Swiffan,kswiffan68@odnoklassniki.ru,Female,31.39.214.137
226,Kailey,Goldsmith,kgoldsmith69@netscape.com,Female,124.178.146.151
227,Edmon,Bushnell,ebushnell6a@wired.com,Male,30.172.205.67
228,York,Fraschetti,yfraschetti6b@uiuc.edu,Male,237.36.110.129
229,Herc,Vivien,hvivien6c@imgur.com,Male,243.24.183.201
230,Ado,Mogford,amogford6d@ustream.tv,Male,170.170.198.230
231,Maitilde,Jupe,mjupe6e@elegantthemes.com,Non-binary,206.160.60.228
232,Marni,Limbrick,mlimbrick6f@oaic.gov.au,Female,23.48.28.231
233,Byran,Gerb,bgerb6g@cbsnews.com,Agender,99.101.47.138
234,Cheston,Iddison,ciddison6h@paypal.com,Male,89.55.150.59
235,Lonnie,Deere,ldeere6i@lycos.com,Male,106.22.215.77
236,Maryjane,Berzins,mberzins6j@foxnews.com,Female,219.244.160.16
237,Garrett,Sellor,gsellor6k@example.com,Male,137.254.49.159
238,Alfonse,Labern,alabern6l@symantec.com,Male,239.218.119.33
239,Tobias,Lerhinan,tlerhinan6m@youtube.com,Male,153.84.164.93
240,Shurlock,Takos,stakos6n@friendfeed.com,Agender,187.164.168.225
241,Harmony,McInerney,hmcinerney6o@wikia.com,Female,191.165.101.98
242,Caryl,Collumbine,ccollumbine6p@accuweather.com,Male,213.243.163.150
243,Powell,Tomsett,ptomsett6q@blogs.com,Male,197.71.114.159
244,Ralf,Snelgar,rsnelgar6r@shinystat.com,Male,18.61.206.159
245,Margalo,Cowmeadow,mcowmeadow6s@acquirethisname.com,Female,79.40.137.83
246,Ivonne,Moorton,imoorton6t@jigsy.com,Female,181.49.33.42
247,Rodina,Roistone,rroistone6u@cyberchimps.com,Female,33.104.164.40
248,Colan,Rehn,crehn6v@elegantthemes.com,Male,116.129.196.242
249,Nelie,Podbury,npodbury6w@state.tx.us,Female,117.119.12.27
250,Maggee,Cregan,mcregan6x@dropbox.com,Female,57.7.24.231
251,Felicdad,Sedgeworth,fsedgeworth6y@discovery.com,Female,41.159.223.187
252,Gilbertina,Kennifeck,gkennifeck6z@vk.com,Female,28.164.72.84
253,Danny,Grasner,dgrasner70@cbsnews.com,Female,120.71.231.32
254,Augustine,Auty,aauty71@narod.ru,Female,228.9.238.78
255,Lurette,Bachura,lbachura72@webeden.co.uk,Female,225.40.148.213
256,Marwin,Ohlsen,mohlsen73@umn.edu,Male,172.127.167.247
257,Saleem,Kiellor,skiellor74@php.net,Male,115.226.4.225
258,Roxy,Jahan,rjahan75@ycombinator.com,Female,182.210.238.87
259,Ferdy,Dunne,fdunne76@noaa.gov,Male,70.88.159.15
260,Anson,Lever,alever77@wiley.com,Male,55.198.168.246
261,Audrey,Champion,achampion78@sfgate.com,Female,10.93.234.36
262,Daffi,MacGahey,dmacgahey79@chron.com,Female,205.153.175.19
263,Marty,Swanborough,mswanborough7a@forbes.com,Female,225.97.150.238
264,Zollie,Narup,znarup7b@boston.com,Male,98.52.166.77
265,Adolpho,Cocke,acocke7c@odnoklassniki.ru,Male,173.52.207.221
266,Nolan,Wolstenholme,nwolstenholme7d@ftc.gov,Male,2.49.129.235
267,Perceval,Pocke,ppocke7e@lycos.com,Male,17.201.22.61
268,Mireille,Sheran,msheran7f@scribd.com,Female,33.162.121.252
269,Piggy,Blankenship,pblankenship7g@reuters.com,Male,192.194.153.182
270,Christel,Penniell,cpenniell7h@theguardian.com,Female,24.38.59.149
271,Genovera,Hughill,ghughill7i@privacy.gov.au,Female,122.42.40.15
272,Hillier,Raine,hraine7j@goodreads.com,Genderqueer,14.115.147.194
273,Verney,Carroll,vcarroll7k@sitemeter.com,Male,53.70.79.207
274,Rebecca,Bassano,rbassano7l@ehow.com,Female,97.53.225.167
275,Brenden,Bonwell,bbonwell7m@npr.org,Male,92.69.30.144
276,Arlan,Ferrieroi,aferrieroi7n@sogou.com,Genderqueer,203.32.111.179
277,Ruth,Risbridge,rrisbridge7o@desdev.cn,Female,24.235.233.55
278,Freddie,Copplestone,fcopplestone7p@blogger.com,Male,125.222.223.49
279,Evy,Sillett,esillett7q@admin.ch,Female,64.123.134.237
280,Chev,Alldritt,calldritt7r@issuu.com,Male,234.108.42.38
281,Waverly,Blasl,wblasl7s@wikipedia.org,Male,181.241.253.21
282,Marcos,Aylott,maylott7t@yale.edu,Male,77.150.145.136
283,Torr,Dring,tdring7u@plala.or.jp,Male,68.46.111.125
284,See,Ummfrey,summfrey7v@wikispaces.com,Male,208.51.212.34
285,Herschel,Clausen,hclausen7w@ca.gov,Agender,84.9.225.38
286,Janith,Bradlaugh,jbradlaugh7x@nydailynews.com,Female,16.123.115.174
287,Eddie,Shackleford,eshackleford7y@artisteer.com,Female,155.129.169.150
288,Petronilla,Bofield,pbofield7z@biblegateway.com,Female,44.98.203.26
289,Arlyne,Forgie,aforgie80@yelp.com,Female,211.181.143.112
290,Elroy,Fedoronko,efedoronko81@forbes.com,Male,18.6.10.61
291,Rossie,Swindley,rswindley82@census.gov,Male,44.171.25.167
292,Toddie,Paoletto,tpaoletto83@goo.gl,Male,124.226.221.148
293,Fionnula,Lammerich,flammerich84@infoseek.co.jp,Polygender,115.52.71.201
294,Jory,Hansemann,jhansemann85@twitpic.com,Genderqueer,176.118.4.84
295,Carley,Laurence,claurence86@sohu.com,Female,10.144.237.128
296,Ethelin,Tennock,etennock87@wikipedia.org,Female,110.179.209.217
297,Glennie,Gyorffy,ggyorffy88@google.co.uk,Female,107.141.38.197
298,Vivyan,Conisbee,vconisbee89@wisc.edu,Female,131.209.237.227
299,Marylinda,Pitman,mpitman8a@w3.org,Female,125.242.155.116
300,Ketti,Fossey,kfossey8b@npr.org,Female,56.168.36.111
301,Vittorio,Jannings,vjannings8c@plala.or.jp,Male,98.217.10.118
302,Rufus,Couvet,rcouvet8d@google.nl,Male,112.60.81.80
303,Tallou,Harses,tharses8e@washingtonpost.com,Female,219.115.52.124
304,Pru,Halley,phalley8f@columbia.edu,Female,254.143.96.212
305,Noelle,Bean,nbean8g@ow.ly,Female,14.51.153.138
306,Isabelle,Marjoribanks,imarjoribanks8h@topsy.com,Female,197.220.84.52
307,Horatius,Riglar,hriglar8i@furl.net,Male,176.4.77.56
308,Lisetta,Giuron,lgiuron8j@myspace.com,Female,240.7.222.190
309,Hugo,Petricek,hpetricek8k@yellowbook.com,Male,124.134.103.123
310,Junina,Bradberry,jbradberry8l@spotify.com,Female,216.3.75.76
311,Irita,MacRirie,imacririe8m@sbwire.com,Female,203.141.222.45
312,Monroe,Yitzovitz,myitzovitz8n@hc360.com,Male,15.217.162.189
313,Dawna,Willshaw,dwillshaw8o@bloglines.com,Female,7.136.198.188
314,Michele,Phin,mphin8p@webs.com,Female,221.37.44.145
315,Beverley,Figgess,bfiggess8q@amazon.com,Female,230.126.137.60
316,Micky,Scrivener,mscrivener8r@theglobeandmail.com,Agender,119.21.224.205
317,Nickey,Nutman,nnutman8s@quantcast.com,Male,203.149.30.243
318,Zia,Adamini,zadamini8t@wufoo.com,Genderqueer,132.111.33.2
319,Eleanor,Bedding,ebedding8u@businesswire.com,Female,138.121.185.131
320,Cletis,Vinnick,cvinnick8v@networksolutions.com,Male,97.149.231.28
321,Humfrid,Whybray,hwhybray8w@wix.com,Male,11.104.73.33
322,Lorain,Pennick,lpennick8x@narod.ru,Female,74.75.23.120
323,Ciel,Drynan,cdrynan8y@topsy.com,Female,1.135.251.121
324,Carlyn,Pringle,cpringle8z@loc.gov,Female,139.86.51.165
325,Moira,Mauchline,mmauchline90@apache.org,Genderfluid,245.252.90.99
326,Suzi,Aronovitz,saronovitz91@people.com.cn,Genderfluid,121.252.72.143
327,Mose,Van Daalen,mvandaalen92@cdbaby.com,Male,98.224.68.64
328,Koralle,Penfold,kpenfold93@google.fr,Female,135.122.135.193
329,Ericha,Defew,edefew94@ted.com,Female,149.156.197.191
330,Selie,Olden,solden95@bbc.co.uk,Female,253.81.47.214
331,Wain,Sollitt,wsollitt96@bigcartel.com,Male,84.180.147.109
332,Melony,Mayoral,mmayoral97@auda.org.au,Female,145.118.195.105
333,Frasquito,Spear,fspear98@netvibes.com,Male,228.173.183.252
334,Vincent,Arnau,varnau99@miibeian.gov.cn,Male,163.60.208.106
335,Alric,Munnery,amunnery9a@clickbank.net,Male,151.145.0.246
336,Sophronia,Garci,sgarci9b@live.com,Non-binary,233.98.164.4
337,Berte,Grzelak,bgrzelak9c@uol.com.br,Female,178.249.57.77
338,Greg,Branney,gbranney9d@marketwatch.com,Male,35.82.119.225
339,Pegeen,Rosenstiel,prosenstiel9e@ning.com,Female,186.123.33.159
340,Cirilo,Queyeiro,cqueyeiro9f@themeforest.net,Male,235.24.208.252
341,Kristi,Bougen,kbougen9g@jigsy.com,Genderqueer,189.198.26.69
342,Brennen,Botting,bbotting9h@myspace.com,Male,225.123.81.252
343,Prudy,Damarell,pdamarell9i@ocn.ne.jp,Female,22.176.166.234
344,Laney,Stollenberg,lstollenberg9j@blogger.com,Male,165.56.30.234
345,Fonz,Waleran,fwaleran9k@squarespace.com,Male,71.109.148.80
346,Hollie,Cleevely,hcleevely9l@canalblog.com,Female,224.54.121.126
347,Rolph,Ervin,rervin9m@unesco.org,Male,183.129.89.176
348,Adele,Batty,abatty9n@cafepress.com,Female,149.219.87.7
349,Ches,Keeble,ckeeble9o@technorati.com,Male,107.225.253.208
350,Herve,Cornfoot,hcornfoot9p@cbc.ca,Male,10.25.112.157
351,Marcille,Sprouls,msprouls9q@bloglovin.com,Female,83.37.21.200
352,Stephenie,Tewelson,stewelson9r@baidu.com,Female,190.169.170.135
353,Allx,Vousden,avousden9s@statcounter.com,Female,73.92.78.122
354,Diane-marie,Ferrara,dferrara9t@360.cn,Female,219.26.152.218
355,Audrey,Diviney,adiviney9u@studiopress.com,Female,248.22.20.136
356,Johnna,Harrowell,jharrowell9v@com.com,Female,95.143.41.255
357,Mella,Boddice,mboddice9w@addtoany.com,Female,176.245.16.169
358,Sarita,Langtry,slangtry9x@pen.io,Female,182.218.18.67
359,Von,Pilbury,vpilbury9y@archive.org,Male,186.72.65.107
360,Griff,Willimot,gwillimot9z@berkeley.edu,Male,201.208.25.112
361,Gustavo,McCurtain,gmccurtaina0@comcast.net,Male,132.250.166.169
362,Steward,Allaker,sallakera1@toplist.cz,Male,203.215.152.238
363,Pennie,Bruff,pbruffa2@feedburner.com,Male,242.68.40.87
364,Calv,Bagnall,cbagnalla3@salon.com,Male,107.103.253.194
365,Haleigh,Bocke,hbockea4@japanpost.jp,Polygender,73.53.189.248
366,Emmalynne,Salzberg,esalzberga5@dell.com,Female,51.66.232.79
367,Liam,De Goey,ldegoeya6@columbia.edu,Male,212.28.114.142
368,Aurelia,Joanic,ajoanica7@chicagotribune.com,Bigender,39.37.251.192
369,Gina,Jerdein,gjerdeina8@google.nl,Female,8.127.37.192
370,Emelia,Faich,efaicha9@constantcontact.com,Female,36.109.63.127
371,Kaia,Wilsone,kwilsoneaa@deliciousdays.com,Genderqueer,185.120.155.46
372,Bren,MacNaughton,bmacnaughtonab@hostgator.com,Female,93.190.111.201
373,Kenneth,Vaisey,kvaiseyac@ustream.tv,Male,59.34.216.147
374,Anna-diane,Simants,asimantsad@spiegel.de,Agender,244.38.58.236
375,Leisha,Lightwing,llightwingae@ihg.com,Female,156.215.8.20
376,Clarabelle,Noel,cnoelaf@census.gov,Female,236.75.234.161
377,Godfree,Dunkinson,gdunkinsonag@g.co,Male,193.193.67.160
378,Eberto,Gleaves,egleavesah@chicagotribune.com,Male,213.248.149.23
379,Rog,Fisk,rfiskai@ask.com,Male,223.68.150.14
380,Lanette,Pedracci,lpedracciaj@go.com,Genderqueer,168.86.255.58
381,Jory,Carillo,jcarilloak@goodreads.com,Male,36.29.196.48
382,Anita,Fidell,afidellal@google.nl,Polygender,85.217.11.168
383,Jere,Poundford,jpoundfordam@miibeian.gov.cn,Female,188.60.170.54
384,Therine,Jenman,tjenmanan@ovh.net,Genderqueer,221.36.181.85
385,Wally,De Biasi,wdebiasiao@51.la,Female,101.1.173.123
386,Georgina,St. John,gstjohnap@usda.gov,Female,126.232.16.25
387,Cristy,Brotherton,cbrothertonaq@miitbeian.gov.cn,Female,171.110.92.180
388,Tony,Galliford,tgallifordar@netlog.com,Female,116.134.138.109
389,Kellie,Sondland,ksondlandas@si.edu,Female,168.19.19.32
390,Teddie,Basey,tbaseyat@webs.com,Female,12.241.149.143
391,Harlen,Elias,heliasau@dailymotion.com,Male,43.249.200.180
392,Ellwood,Atkirk,eatkirkav@theglobeandmail.com,Male,176.95.89.249
393,Trueman,Cruxton,tcruxtonaw@google.ru,Genderqueer,154.168.108.244
394,Ashley,Robbert,arobbertax@eepurl.com,Female,55.168.238.129
395,Aluino,Colebourne,acolebourneay@ocn.ne.jp,Male,187.77.19.13
396,Kippy,Poser,kposeraz@npr.org,Female,232.117.132.84
397,Kendra,Lordon,klordonb0@kickstarter.com,Female,190.13.63.80
398,Karoline,O'Cannon,kocannonb1@loc.gov,Female,62.104.146.199
399,Xena,Phethean,xphetheanb2@bloglovin.com,Female,100.156.201.174
400,Dick,Moyles,dmoylesb3@bluehost.com,Male,116.73.235.43
401,Tracy,Auchterlony,tauchterlonyb4@nih.gov,Male,112.46.184.127
402,Frankie,Hobbert,fhobbertb5@utexas.edu,Male,173.46.253.41
403,Vinson,Shulem,vshulemb6@wix.com,Male,145.139.14.154
404,Gay,Battson,gbattsonb7@cnn.com,Female,63.54.33.30
405,Roxine,MacAirt,rmacairtb8@newyorker.com,Female,115.102.129.125
406,Skipper,Thickett,sthickettb9@ustream.tv,Male,37.235.253.121
407,Deirdre,Hazelgreave,dhazelgreaveba@chron.com,Female,241.10.131.166
408,Arin,Sebastian,asebastianbb@nymag.com,Male,92.54.104.221
409,Ardelis,Morrison,amorrisonbc@cnbc.com,Female,94.27.74.163
410,Tessa,Arghent,targhentbd@mapy.cz,Female,125.141.212.83
411,Denney,Onyon,donyonbe@devhub.com,Male,185.21.74.222
412,Carmella,Martina,cmartinabf@umn.edu,Female,194.247.232.68
413,Humfried,Hughman,hhughmanbg@google.ru,Male,212.44.136.41
414,Henderson,Lacaze,hlacazebh@mediafire.com,Male,232.30.19.181
415,Clerkclaude,Tarn,ctarnbi@techcrunch.com,Agender,9.34.4.234
416,Morie,Vaggs,mvaggsbj@devhub.com,Male,36.176.214.246
417,Druci,Trembey,dtrembeybk@java.com,Female,198.5.168.216
418,Valentino,MacNeely,vmacneelybl@ft.com,Male,203.39.163.10
419,Consalve,Redd,creddbm@facebook.com,Male,25.144.39.107
420,Carole,Burborough,cburboroughbn@nsw.gov.au,Female,185.33.213.204
421,Nicoli,Copo,ncopobo@chicagotribune.com,Female,24.24.190.174
422,Brit,Spera,bsperabp@biglobe.ne.jp,Male,203.81.117.174
423,Beitris,Rossbrooke,brossbrookebq@ft.com,Female,158.219.127.149
424,Gery,Cartmell,gcartmellbr@slideshare.net,Male,57.159.178.106
425,Francyne,Meldrum,fmeldrumbs@soup.io,Female,56.146.133.113
426,Hershel,Laurenceau,hlaurenceaubt@blogspot.com,Male,253.73.151.197
427,Juieta,Syalvester,jsyalvesterbu@forbes.com,Female,75.190.188.73
428,Robinson,Brea,rbreabv@wufoo.com,Male,204.107.92.162
429,Tally,Ewestace,tewestacebw@webnode.com,Polygender,206.222.150.173
430,Ranee,Staines,rstainesbx@livejournal.com,Genderfluid,216.10.55.1
431,Kynthia,Wildash,kwildashby@yahoo.co.jp,Agender,49.149.120.131
432,Hendrik,Harber,hharberbz@naver.com,Male,247.156.135.71
433,Giustino,Pentycost,gpentycostc0@webnode.com,Male,19.202.40.106
434,Berty,Whittleton,bwhittletonc1@mashable.com,Male,167.250.180.230
435,Ava,Atwell,aatwellc2@indiegogo.com,Female,182.253.158.181
436,Shea,Benjefield,sbenjefieldc3@miibeian.gov.cn,Male,127.28.40.141
437,Binni,Pietsma,bpietsmac4@xrea.com,Female,82.127.150.227
438,Aliza,Winnard,awinnardc5@ibm.com,Female,95.81.1.99
439,Saxon,McGlone,smcglonec6@sfgate.com,Male,247.170.52.157
440,Charita,Chaloner,cchalonerc7@github.io,Female,53.130.243.56
441,Cob,Nice,cnicec8@shop-pro.jp,Male,0.245.237.133
442,Jordan,Carncross,jcarncrossc9@hibu.com,Male,131.116.13.128
443,Doyle,Nesey,dneseyca@studiopress.com,Male,109.254.37.230
444,Patricia,Janny,pjannycb@reddit.com,Female,135.125.115.189
445,Burke,Andres,bandrescc@domainmarket.com,Male,93.162.42.110
446,Lonny,Prisley,lprisleycd@plala.or.jp,Male,161.148.104.72
447,Jonas,Mackelworth,jmackelworthce@cocolog-nifty.com,Male,40.249.228.73
448,John,Ide,jidecf@live.com,Genderfluid,218.65.131.241
449,Sauncho,Clunan,sclunancg@irs.gov,Male,50.183.109.221
450,Melessa,Benettolo,mbenettoloch@sina.com.cn,Female,190.78.1.215
451,Chandal,Fenkel,cfenkelci@virginia.edu,Female,197.72.143.176
452,Harriette,Reedyhough,hreedyhoughcj@archive.org,Female,199.94.76.69
453,Josefina,Han,jhanck@fda.gov,Female,22.198.150.13
454,Magdalene,Cato,mcatocl@uiuc.edu,Female,241.89.134.110
455,Tobe,Wattam,twattamcm@mayoclinic.com,Male,51.226.14.120
456,Gilli,Commins,gcomminscn@japanpost.jp,Bigender,6.114.30.28
457,Giles,Beau,gbeauco@prweb.com,Male,227.46.223.212
458,Zara,Winny,zwinnycp@deliciousdays.com,Female,146.212.214.123
459,Raimund,Tokell,rtokellcq@typepad.com,Non-binary,131.172.237.180
460,Constance,Greenless,cgreenlesscr@blog.com,Female,10.241.169.231
461,Troy,McEttigen,tmcettigencs@about.me,Male,240.114.129.223
462,Cherice,Stebbin,cstebbinct@examiner.com,Female,177.234.240.248
463,Sophi,Ebertz,sebertzcu@walmart.com,Female,181.144.222.12
464,De witt,Kubala,dkubalacv@amazon.com,Male,224.188.182.6
465,Evelyn,McCay,emccaycw@list-manage.com,Female,125.198.111.167
466,Gillie,Kissack,gkissackcx@msn.com,Female,194.68.33.115
467,Marti,Ridesdale,mridesdalecy@sun.com,Female,110.123.211.188
468,Ara,Houltham,ahoulthamcz@gizmodo.com,Female,177.169.203.78
469,Cart,Langthorne,clangthorned0@go.com,Male,204.29.166.218
470,Romy,Carwithan,rcarwithand1@xing.com,Female,107.20.156.68
471,Wilhelm,Pumfrett,wpumfrettd2@nasa.gov,Male,126.120.79.171
472,Thea,Handford,thandfordd3@epa.gov,Female,74.126.92.187
473,Xever,Clarridge,xclarridged4@virginia.edu,Male,122.114.85.77
474,Ronnie,Sall,rsalld5@canalblog.com,Female,29.239.57.225
475,Edgar,Linnard,elinnardd6@quantcast.com,Male,135.212.231.91
476,Amble,Dinnington,adinningtond7@wired.com,Non-binary,217.184.62.182
477,Barbie,Nend,bnendd8@slashdot.org,Female,164.64.109.119
478,Grannie,Fealy,gfealyd9@phpbb.com,Male,5.15.82.248
479,Woodie,Truwert,wtruwertda@bluehost.com,Male,7.245.115.122
480,Estele,Jesper,ejesperdb@jimdo.com,Polygender,187.21.225.209
481,Dore,Beardshaw,dbeardshawdc@wunderground.com,Male,81.64.53.24
482,Rees,Narraway,rnarrawaydd@list-manage.com,Male,29.248.82.181
483,Hughie,Knights,hknightsde@pagesperso-orange.fr,Male,104.6.9.46
484,Godfry,Kenwell,gkenwelldf@sourceforge.net,Male,14.129.32.166
485,Lettie,Dawdary,ldawdarydg@jalbum.net,Female,126.188.134.242
486,Wilfred,Noddles,wnoddlesdh@google.nl,Male,128.1.127.51
487,Elisabeth,Finnigan,efinnigandi@google.cn,Female,218.167.7.138
488,Brooks,Eliyahu,beliyahudj@answers.com,Female,92.230.181.97
489,Cora,Halworth,chalworthdk@cnet.com,Genderqueer,234.73.174.60
490,Avis,Banker,abankerdl@imgur.com,Female,252.56.159.137
491,Buiron,Bracci,bbraccidm@hostgator.com,Male,132.114.198.179
492,Bradley,Otley,botleydn@weebly.com,Male,147.108.65.218
493,Timofei,Christol,tchristoldo@bloglines.com,Male,63.198.208.123
494,Leanna,Pullan,lpullandp@bloglines.com,Female,22.211.59.191
495,Malchy,Recher,mrecherdq@foxnews.com,Male,222.184.137.40
496,Jesselyn,Tompkiss,jtompkissdr@xinhuanet.com,Bigender,71.255.61.58
497,Frederigo,Lars,flarsds@tinypic.com,Male,151.214.216.162
498,Sim,Gillimgham,sgillimghamdt@marketwatch.com,Polygender,33.189.53.225
499,Kelci,Cops,kcopsdu@msu.edu,Female,158.245.80.178
500,Myrtia,Boxill,mboxilldv@reference.com,Female,84.144.30.94
501,Aurlie,Ramel,arameldw@nasa.gov,Female,82.192.90.15
502,Prudi,Kruse,pkrusedx@cnn.com,Female,189.241.218.79
503,Marleah,Mabbitt,mmabbittdy@ameblo.jp,Female,34.135.101.42
504,Stanton,Atyeo,satyeodz@chicagotribune.com,Male,62.85.106.42
505,Trstram,Jagiela,tjagielae0@sun.com,Male,169.58.15.103
506,Cassandre,MacEntee,cmacenteee1@usnews.com,Female,218.208.157.249
507,Ody,Sibille,osibillee2@wsj.com,Male,178.122.179.94
508,Leonard,Liggens,lliggense3@samsung.com,Male,175.68.205.122
509,Moselle,Sigmund,msigmunde4@diigo.com,Agender,164.203.6.130
510,Rahel,Train,rtraine5@delicious.com,Female,114.25.139.38
511,Vally,Lasslett,vlasslette6@yolasite.com,Female,165.95.30.39
512,Tobie,Teml,ttemle7@ycombinator.com,Male,110.28.65.40
513,Burty,Shevell,bshevelle8@about.me,Male,3.72.170.207
514,Ira,Mesant,imesante9@sohu.com,Male,237.231.193.220
515,Malorie,Menichi,mmenichiea@epa.gov,Female,94.64.180.216
516,Miriam,Crilley,mcrilleyeb@reuters.com,Female,69.151.148.33
517,Abram,Satterley,asatterleyec@netvibes.com,Male,224.53.150.130
518,Lianna,Gallant,lgallanted@t.co,Female,29.131.175.91
519,Herc,Urlin,hurlinee@jugem.jp,Male,78.67.178.182
520,Sandra,Siemandl,ssiemandlef@craigslist.org,Female,167.192.189.205
521,Noellyn,Crosgrove,ncrosgroveeg@tiny.cc,Female,147.192.214.16
522,Phillipe,Holbarrow,pholbarroweh@dmoz.org,Bigender,204.138.76.90
523,Janifer,Burland,jburlandei@blogtalkradio.com,Female,187.72.189.221
524,Ervin,Tirkin,etirkinej@opensource.org,Male,124.48.192.44
525,Ebony,Dilley,edilleyek@gmpg.org,Female,24.174.193.17
526,Sherwin,Dawber,sdawberel@ox.ac.uk,Male,245.230.192.24
527,Dulci,Ipsgrave,dipsgraveem@cnbc.com,Female,175.229.166.173
528,Shelden,Clerke,sclerkeen@squarespace.com,Male,42.246.168.242
529,Netta,Benediktovich,nbenediktovicheo@123-reg.co.uk,Genderfluid,147.70.159.191
530,Gabriello,Stebles,gsteblesep@cnbc.com,Male,159.96.139.192
531,Papageno,Heard,pheardeq@stumbleupon.com,Male,139.98.27.3
532,Regan,Dreossi,rdreossier@wunderground.com,Female,110.97.111.232
533,Lennard,Trevor,ltrevores@google.com.br,Male,27.79.199.181
534,Muffin,Doolan,mdoolanet@smugmug.com,Male,30.17.106.199
535,Iosep,Jerke,ijerkeeu@ucoz.com,Male,144.207.231.206
536,Carlee,Mulholland,cmulhollandev@merriam-webster.com,Female,237.30.106.62
537,Todd,Gatrell,tgatrellew@biblegateway.com,Male,117.13.168.118
538,Nonie,Chivrall,nchivrallex@cyberchimps.com,Female,150.118.209.251
539,Amabelle,Isacq,aisacqey@sourceforge.net,Female,52.221.14.113
540,Lukas,Haukey,lhaukeyez@jalbum.net,Male,6.92.155.143
541,Orrin,Sleath,osleathf0@pcworld.com,Male,202.83.149.253
542,Krisha,Benbrick,kbenbrickf1@mlb.com,Male,226.98.83.131
543,Lucine,Dempster,ldempsterf2@ovh.net,Female,71.246.130.92
544,Prentice,Sabin,psabinf3@webs.com,Male,67.238.107.138
545,Sampson,Diter,sditerf4@4shared.com,Male,90.77.167.129
546,Rance,Deners,rdenersf5@rakuten.co.jp,Male,93.43.95.114
547,Taite,Holdworth,tholdworthf6@xrea.com,Male,76.23.120.12
548,Isidor,Ashworth,iashworthf7@ibm.com,Male,136.251.240.22
549,Thom,Gauford,tgaufordf8@tripod.com,Male,227.28.16.246
550,Elwira,Dimitrijevic,edimitrijevicf9@economist.com,Female,7.10.30.113
551,Layton,Covelle,lcovellefa@google.it,Genderqueer,251.7.64.54
552,Tiffy,Blenkiron,tblenkironfb@friendfeed.com,Female,161.173.73.232
553,Angeline,Rolance,arolancefc@kickstarter.com,Female,113.51.250.45
554,Cliff,Broxup,cbroxupfd@dailymail.co.uk,Male,200.65.189.223
555,Jodee,Marritt,jmarrittfe@cafepress.com,Female,244.173.119.30
556,Gabbie,Paddemore,gpaddemoreff@bluehost.com,Polygender,92.75.193.198
557,Asa,Aries,aariesfg@people.com.cn,Male,61.113.254.200
558,Nealy,Adacot,nadacotfh@webmd.com,Male,11.56.92.163
559,Tiffi,Battman,tbattmanfi@jalbum.net,Female,186.183.51.109
560,Milicent,Richemont,mrichemontfj@wix.com,Female,85.108.72.72
561,Sharron,Nanson,snansonfk@cdc.gov,Bigender,202.226.183.55
562,Gil,De Atta,gdeattafl@nationalgeographic.com,Male,51.193.192.39
563,Preston,Lumm,plummfm@huffingtonpost.com,Male,144.227.46.192
564,Drona,McKeran,dmckeranfn@joomla.org,Female,166.199.9.196
565,Con,Vasilenko,cvasilenkofo@youku.com,Female,158.43.205.203
566,Emmanuel,Travis,etravisfp@macromedia.com,Male,228.211.193.201
567,Mady,Sydney,msydneyfq@irs.gov,Female,250.111.191.236
568,Beatriz,Carlon,bcarlonfr@bloglovin.com,Female,27.248.143.161
569,Reeba,Bellenie,rbelleniefs@wunderground.com,Female,205.31.220.182
570,Enrique,Doding,edodingft@g.co,Male,167.126.126.244
571,Margeaux,Kearn,mkearnfu@google.de,Female,122.206.46.237
572,Carmelita,Kender,ckenderfv@java.com,Female,128.128.92.17
573,Hamlin,Kilmister,hkilmisterfw@yahoo.com,Male,42.251.49.212
574,Silvanus,Haggidon,shaggidonfx@quantcast.com,Male,107.91.110.44
575,Greggory,Tuxsell,gtuxsellfy@cafepress.com,Male,17.38.152.237
576,Freemon,Howselee,fhowseleefz@netlog.com,Male,207.135.209.66
577,Olivero,Nudde,onuddeg0@reuters.com,Male,47.62.146.155
578,Kennan,Brambley,kbrambleyg1@reference.com,Male,211.166.7.107
579,Bertie,Capinetti,bcapinettig2@wix.com,Agender,254.108.84.101
580,Nealy,Calloway,ncallowayg3@ezinearticles.com,Male,245.250.62.170
581,Dion,Quinevan,dquinevang4@biglobe.ne.jp,Non-binary,124.69.71.217
582,George,Luciano,glucianog5@alibaba.com,Male,22.69.87.61
583,Becki,Davenport,bdavenportg6@cloudflare.com,Female,130.0.81.229
584,L;urette,Dobing,ldobingg7@sogou.com,Agender,169.166.184.186
585,Shelbi,Storm,sstormg8@princeton.edu,Female,47.14.141.43
586,Ursola,Burg,uburgg9@hp.com,Female,207.91.243.90
587,Ashia,Bims,abimsga@discuz.net,Female,213.61.182.232
588,Garrot,Gerrans,ggerransgb@icq.com,Male,77.83.64.34
589,Ruggiero,Paula,rpaulagc@fotki.com,Male,77.111.76.132
590,Jock,Collumbine,jcollumbinegd@g.co,Male,97.135.254.234
591,Serge,Anetts,sanettsge@vk.com,Male,91.153.44.57
592,Giacinta,Sidlow,gsidlowgf@usnews.com,Female,88.20.199.63
593,Etti,Musterd,emusterdgg@163.com,Female,153.176.232.139
594,Seamus,Juden,sjudengh@cyberchimps.com,Male,220.112.178.45
595,Blanch,Esherwood,besherwoodgi@yale.edu,Female,166.29.238.96
596,Filberte,Lydford,flydfordgj@whitehouse.gov,Male,193.201.62.44
597,Wittie,Shaughnessy,wshaughnessygk@nsw.gov.au,Male,143.221.155.173
598,Salli,Binham,sbinhamgl@rambler.ru,Female,14.101.125.254
599,Cristie,Praundl,cpraundlgm@sakura.ne.jp,Female,146.224.214.223
600,Randi,Hogben,rhogbengn@scribd.com,Agender,8.8.223.228
601,Nixie,Scutt,nscuttgo@sourceforge.net,Female,58.93.64.75
602,Hilde,Paik,hpaikgp@bluehost.com,Female,51.185.169.15
603,Hollyanne,Bottjer,hbottjergq@google.com,Female,184.190.245.74
604,Joella,Ramm,jrammgr@cloudflare.com,Female,89.184.88.52
605,Parnell,Stroulger,pstroulgergs@house.gov,Male,39.27.147.34
606,Rockwell,Fadell,rfadellgt@hatena.ne.jp,Male,83.11.90.23
607,Lora,Lombardo,llombardogu@sitemeter.com,Female,4.177.30.23
608,Bamby,Faulo,bfaulogv@soundcloud.com,Female,54.163.114.157
609,Cloe,Cervantes,ccervantesgw@thetimes.co.uk,Genderqueer,233.22.127.223
610,Cherrita,Measures,cmeasuresgx@forbes.com,Female,134.166.94.238
611,Dyana,Yurevich,dyurevichgy@princeton.edu,Female,86.85.59.165
612,Desmund,Karel,dkarelgz@altervista.org,Male,120.48.73.105
613,Ivett,Lamden,ilamdenh0@feedburner.com,Female,200.254.134.157
614,Konstantin,Whild,kwhildh1@imgur.com,Male,145.74.9.10
615,Teresita,Gornall,tgornallh2@ezinearticles.com,Female,183.156.101.23
616,Benjy,Sciacovelli,bsciacovellih3@woothemes.com,Male,162.85.31.33
617,Ginnie,Mellenby,gmellenbyh4@yolasite.com,Female,73.48.143.108
618,Nicola,Blinde,nblindeh5@google.com.au,Female,235.127.127.25
619,Kaitlynn,Cattenach,kcattenachh6@jimdo.com,Female,80.106.35.9
620,Merla,Dewis,mdewish7@shop-pro.jp,Genderqueer,32.64.77.138
621,Violetta,Brownhall,vbrownhallh8@domainmarket.com,Female,192.54.204.186
622,Stanislas,Dalman,sdalmanh9@google.com,Male,53.165.243.185
623,Stearn,Foote,sfooteha@barnesandnoble.com,Male,189.236.21.246
624,Gratiana,Boulstridge,gboulstridgehb@opensource.org,Female,86.187.164.177
625,Claus,O'Howbane,cohowbanehc@odnoklassniki.ru,Male,188.63.93.114
626,Raff,Trewartha,rtrewarthahd@shareasale.com,Male,1.61.5.175
627,Garreth,Duddle,gduddlehe@free.fr,Male,218.54.234.224
628,Cammy,Letchmore,cletchmorehf@cam.ac.uk,Non-binary,203.249.103.248
629,Gerard,Antonijevic,gantonijevichg@free.fr,Non-binary,58.138.125.122
630,Carol-jean,Newby,cnewbyhh@stanford.edu,Non-binary,132.217.203.43
631,Ganny,Scholcroft,gscholcrofthi@tuttocitta.it,Male,91.229.119.86
632,Krisha,Renahan,krenahanhj@blogs.com,Male,132.121.24.236
633,Blanch,Settle,bsettlehk@ow.ly,Female,82.13.214.168
634,Shem,Pawelec,spawelechl@marriott.com,Male,224.134.18.183
635,Carleen,Alsina,calsinahm@mozilla.com,Genderqueer,230.122.236.162
636,Tad,Trehearn,ttrehearnhn@qq.com,Male,204.215.217.231
637,Austen,Hassent,ahassentho@paypal.com,Male,176.101.190.239
638,Torr,Ragg,tragghp@tumblr.com,Male,251.225.153.42
639,Lisette,Shreve,lshrevehq@google.co.uk,Female,204.184.223.176
640,Dimitry,Wharmby,dwharmbyhr@163.com,Male,45.158.170.181
641,Fancy,Whewell,fwhewellhs@independent.co.uk,Female,150.49.59.242
642,Kort,Reavell,kreavellht@free.fr,Male,221.100.44.9
643,Dahlia,Elmore,delmorehu@hao123.com,Female,185.216.154.165
644,Lucien,Michele,lmichelehv@ucsd.edu,Male,65.218.72.149
645,Hunfredo,Reynoldson,hreynoldsonhw@ibm.com,Male,38.75.95.219
646,Graham,Izen,gizenhx@shop-pro.jp,Male,12.201.69.214
647,Joel,Cocklie,jcockliehy@huffingtonpost.com,Male,154.220.91.93
648,Gunar,Penlington,gpenlingtonhz@imageshack.us,Male,235.168.94.45
649,Maddie,Cottel,mcotteli0@123-reg.co.uk,Agender,75.27.194.163
650,Even,Langrish,elangrishi1@google.com,Male,110.180.40.10
651,Sherrie,Basili,sbasilii2@sciencedirect.com,Female,25.239.215.8
652,Catherina,Handforth,chandforthi3@cdbaby.com,Non-binary,238.144.96.14
653,Aurora,Nancekivell,anancekivelli4@symantec.com,Female,125.26.184.11
654,Easter,Gibb,egibbi5@usgs.gov,Female,13.224.34.77
655,Gerrie,Stawell,gstawelli6@php.net,Male,164.8.179.62
656,Marijn,Joslin,mjoslini7@livejournal.com,Male,17.35.49.129
657,Olympia,Dohr,odohri8@squidoo.com,Female,54.251.74.25
658,Rachael,O'Rowane,rorowanei9@elegantthemes.com,Female,237.251.25.237
659,Vito,Freeberne,vfreeberneia@deliciousdays.com,Male,56.130.15.21
660,Laetitia,Trays,ltraysib@ebay.com,Female,14.158.151.160
661,Claudine,Groneway,cgronewayic@tripod.com,Female,113.135.171.199
662,Winifield,Buttriss,wbuttrissid@xrea.com,Male,225.93.202.93
663,Carline,Phillins,cphillinsie@tuttocitta.it,Female,3.96.232.154
664,Buddie,Schoenrock,bschoenrockif@topsy.com,Male,23.109.25.22
665,Arel,Jennings,ajenningsig@desdev.cn,Male,122.68.212.78
666,Kaitlynn,Opie,kopieih@smugmug.com,Bigender,112.30.236.151
667,Dwight,Chetham,dchethamii@mapy.cz,Male,22.236.179.213
668,Rebekkah,Jeskin,rjeskinij@nbcnews.com,Female,250.5.65.21
669,Waring,Carder,wcarderik@time.com,Male,92.241.22.153
670,Oliver,Disbrey,odisbreyil@nature.com,Male,146.33.178.198
671,Johann,Clackers,jclackersim@merriam-webster.com,Male,50.153.138.73
672,Andeee,Gruszka,agruszkain@alibaba.com,Genderfluid,171.224.226.243
673,Chickie,Finci,cfinciio@ameblo.jp,Female,233.47.78.250
674,Caye,Challenor,cchallenorip@godaddy.com,Female,113.216.146.18
675,Raine,Quartermain,rquartermainiq@redcross.org,Non-binary,54.57.130.192
676,Rubetta,Scedall,rscedallir@about.com,Genderqueer,228.155.200.7
677,Keelia,Samwaye,ksamwayeis@arizona.edu,Female,140.107.175.32
678,Eloisa,McNab,emcnabit@taobao.com,Bigender,151.35.213.58
679,Ag,Dinsey,adinseyiu@sfgate.com,Female,135.91.252.48
680,Christoffer,Abotson,cabotsoniv@nytimes.com,Male,39.157.26.112
681,Samuel,Lyddiard,slyddiardiw@yahoo.com,Agender,30.68.41.72
682,Isidore,Dobie,idobieix@wufoo.com,Male,232.11.148.182
683,Georgie,Rickersey,grickerseyiy@odnoklassniki.ru,Male,41.197.63.247
684,Duncan,Clipson,dclipsoniz@bbc.co.uk,Male,225.62.170.73
685,Vinson,Adshede,vadshedej0@friendfeed.com,Male,230.145.170.246
686,Alwin,Park,aparkj1@weebly.com,Male,130.190.155.116
687,Dale,Furlonge,dfurlongej2@umn.edu,Male,205.219.196.93
688,Yoko,Gumbrell,ygumbrellj3@deviantart.com,Female,14.90.179.108
689,Jayson,Crichton,jcrichtonj4@addtoany.com,Non-binary,90.0.62.5
690,Bobby,Scurrey,bscurreyj5@hugedomains.com,Male,101.50.107.191
691,Birdie,Duckwith,bduckwithj6@smh.com.au,Genderqueer,11.48.55.26
692,Guy,Decreuze,gdecreuzej7@time.com,Bigender,252.241.110.183
693,Remus,Mees,rmeesj8@cocolog-nifty.com,Male,230.216.2.75
694,Karyl,Scyner,kscynerj9@phpbb.com,Female,154.64.110.255
695,Urban,Carnie,ucarnieja@gov.uk,Male,245.156.255.97
696,Nari,Barzen,nbarzenjb@tamu.edu,Non-binary,28.223.210.74
697,Alick,Howsego,ahowsegojc@imgur.com,Male,221.207.247.57
698,Aurora,Ilyenko,ailyenkojd@buzzfeed.com,Female,130.208.193.56
699,Janie,Cucinotta,jcucinottaje@alibaba.com,Bigender,195.6.253.83
700,Nappie,Crosser,ncrosserjf@cbsnews.com,Male,86.28.197.68
701,Hailey,Yuille,hyuillejg@sina.com.cn,Male,166.108.140.142
702,Arabele,Caslake,acaslakejh@parallels.com,Female,219.62.151.31
703,Arley,Deshorts,adeshortsji@ucoz.com,Male,120.245.115.163
704,Caz,Dodamead,cdodameadjj@desdev.cn,Non-binary,150.185.29.196
705,Kippy,Glasspoole,kglasspoolejk@adobe.com,Male,42.218.246.39
706,Jarid,Purrier,jpurrierjl@reverbnation.com,Male,217.119.213.81
707,Salvatore,Le Noir,slenoirjm@arizona.edu,Male,106.112.73.3
708,Jessi,Traise,jtraisejn@posterous.com,Female,203.177.209.139
709,Maxine,Drable,mdrablejo@t.co,Female,53.101.173.195
710,Calv,Pittendreigh,cpittendreighjp@homestead.com,Male,167.198.99.0
711,Duff,MacFadden,dmacfaddenjq@friendfeed.com,Male,98.221.102.107
712,Tonnie,Matyashev,tmatyashevjr@hibu.com,Male,42.132.179.191
713,Alexi,Amyes,aamyesjs@ox.ac.uk,Female,206.43.163.238
714,Talbot,Agronski,tagronskijt@sun.com,Male,201.164.129.188
715,Dewain,MacKee,dmackeeju@rediff.com,Male,123.169.244.52
716,Sadie,Gothliff,sgothliffjv@disqus.com,Female,22.178.115.131
717,Kore,Needs,kneedsjw@time.com,Female,223.198.153.74
718,Karlotte,Mayhew,kmayhewjx@weibo.com,Female,123.183.82.240
719,Rois,McCullum,rmccullumjy@exblog.jp,Female,178.243.244.37
720,Nerti,Cayley,ncayleyjz@bloglovin.com,Female,237.101.77.169
721,Orv,Ahearne,oahearnek0@ox.ac.uk,Male,49.122.197.130
722,Markos,Goldbourn,mgoldbournk1@reuters.com,Male,49.144.250.170
723,Salem,Sketh,sskethk2@dmoz.org,Male,131.105.193.157
724,Sol,Atto,sattok3@pbs.org,Male,250.90.0.47
725,Terri,Lisciardelli,tlisciardellik4@utexas.edu,Male,242.167.79.26
726,Clemence,Riccardini,criccardinik5@ow.ly,Female,35.110.112.43
727,Conroy,Le - Count,clecountk6@google.fr,Male,200.15.219.128
728,Demetre,Hullins,dhullinsk7@aboutads.info,Genderfluid,48.101.6.92
729,Trix,Landeaux,tlandeauxk8@sitemeter.com,Female,251.112.153.208
730,Kalila,Payze,kpayzek9@altervista.org,Female,193.247.59.55
731,Rosalind,Greeding,rgreedingka@webnode.com,Female,222.84.54.105
732,Yvette,Heisler,yheislerkb@shutterfly.com,Female,42.46.100.71
733,Katharyn,Hosier,khosierkc@blog.com,Female,110.15.225.228
734,Jodie,Voce,jvocekd@toplist.cz,Male,204.226.194.136
735,Lynde,Ashe,lasheke@linkedin.com,Female,44.84.78.165
736,Patrizio,Le Marchant,plemarchantkf@toplist.cz,Male,129.130.217.127
737,Cirillo,Zanardii,czanardiikg@live.com,Male,67.45.10.182
738,Giffy,Stonard,gstonardkh@skype.com,Male,213.148.181.237
739,Artemus,Terlinden,aterlindenki@si.edu,Male,193.26.90.104
740,Wini,Todeo,wtodeokj@adobe.com,Female,50.53.91.174
741,Cherilyn,Gribble,cgribblekk@cbsnews.com,Female,47.23.107.53
742,Tedman,Cockling,tcocklingkl@sciencedirect.com,Male,95.71.215.67
743,Flss,Keddle,fkeddlekm@globo.com,Female,81.194.178.19
744,Cole,Whatmough,cwhatmoughkn@merriam-webster.com,Male,191.158.166.195
745,Sigrid,Jessopp,sjessoppko@spiegel.de,Female,27.240.118.188
746,Angeli,Pinnigar,apinnigarkp@opera.com,Male,241.186.193.124
747,Flem,Bingle,fbinglekq@oaic.gov.au,Genderqueer,174.80.248.162
748,Alva,Shimman,ashimmankr@constantcontact.com,Male,236.214.255.88
749,Dwain,Yerrill,dyerrillks@g.co,Male,46.141.44.34
750,Armstrong,McKearnen,amckearnenkt@java.com,Male,31.250.28.64
751,Jacquelin,Skae,jskaeku@businessinsider.com,Female,97.48.197.224
752,La verne,Pendrich,lpendrichkv@dedecms.com,Female,74.110.227.164
753,Rivkah,Clail,rclailkw@uol.com.br,Female,164.107.218.71
754,Iain,Mar,imarkx@hhs.gov,Male,77.157.44.224
755,Olia,Luthwood,oluthwoodky@sbwire.com,Female,156.131.192.126
756,Dyanne,Bortol,dbortolkz@indiegogo.com,Female,55.93.108.227
757,Othilie,Kenforth,okenforthl0@mozilla.org,Female,17.244.9.118
758,Maximo,Krolak,mkrolakl1@wsj.com,Male,176.213.17.58
759,Sidonnie,O'Lagen,solagenl2@unblog.fr,Female,44.21.78.83
760,Diena,Arpino,darpinol3@discovery.com,Genderqueer,63.5.75.4
761,Fran,Skade,fskadel4@angelfire.com,Genderfluid,189.10.89.155
762,Stephan,Maccari,smaccaril5@constantcontact.com,Male,213.251.198.122
763,Isadore,Lober,iloberl6@google.de,Male,89.102.42.190
764,Juieta,Hugland,jhuglandl7@ted.com,Female,8.138.231.138
765,Magnum,Fiddymont,mfiddymontl8@google.cn,Male,247.211.215.190
766,Tucky,Jillis,tjillisl9@cloudflare.com,Male,187.151.19.202
767,Madelaine,Kerfut,mkerfutla@cargocollective.com,Agender,216.73.40.177
768,Alexa,McCaighey,amccaigheylb@php.net,Female,50.86.52.122
769,Leora,Biggadike,lbiggadikelc@bluehost.com,Female,110.235.251.104
770,Dannel,Semechik,dsemechikld@pinterest.com,Male,136.193.219.21
771,Trever,De Dantesie,tdedantesiele@disqus.com,Male,30.246.223.32
772,Raphael,McVitty,rmcvittylf@naver.com,Male,63.241.250.70
773,Hale,Trippitt,htrippittlg@prlog.org,Male,235.171.119.174
774,Cecilio,Stains,cstainslh@unblog.fr,Male,44.203.128.136
775,Udale,Albiston,ualbistonli@whitehouse.gov,Male,140.173.222.15
776,Valry,Salomon,vsalomonlj@newyorker.com,Female,254.60.228.87
777,Gradey,Sebley,gsebleylk@ow.ly,Male,177.119.134.209
778,Chadwick,Kirsch,ckirschll@blogspot.com,Male,54.65.172.54
779,Georgette,Dinsell,gdinselllm@usa.gov,Female,241.248.65.81
780,Buddy,Pullar,bpullarln@si.edu,Male,184.99.205.231
781,Hasheem,Pires,hpireslo@sogou.com,Male,118.66.20.207
782,Brnaba,Pirrone,bpirronelp@cmu.edu,Bigender,219.16.155.25
783,Isahella,Jurkowski,ijurkowskilq@smugmug.com,Female,104.113.109.153
784,Mohammed,Haburne,mhaburnelr@wikispaces.com,Male,125.101.144.5
785,Yvette,Pariso,yparisols@exblog.jp,Polygender,37.73.124.198
786,Christen,Drexel,cdrexellt@google.com.au,Female,193.150.208.144
787,Phebe,Takle,ptaklelu@dailymail.co.uk,Female,157.197.76.141
788,Ingeberg,Scoular,iscoularlv@google.com.au,Female,139.125.201.49
789,Ruthe,Andrioli,randriolilw@loc.gov,Female,21.174.70.104
790,Murray,Bairstow,mbairstowlx@cloudflare.com,Male,252.206.220.147
791,Arvy,Burehill,aburehillly@phpbb.com,Male,205.53.112.106
792,Aleece,Wakelam,awakelamlz@cbslocal.com,Female,254.146.144.210
793,Aurelie,Saunt,asauntm0@phoca.cz,Female,28.20.173.217
794,Theressa,Penlington,tpenlingtonm1@acquirethisname.com,Female,242.27.179.216
795,Halley,Heelis,hheelism2@marketwatch.com,Non-binary,205.1.150.22
796,Marge,Spencook,mspencookm3@cafepress.com,Female,173.130.236.12
797,Evey,Gallelli,egallellim4@gmpg.org,Female,5.43.152.116
798,Eleonora,Cesconi,ecesconim5@booking.com,Female,63.25.11.80
799,Guss,Lacasa,glacasam6@phoca.cz,Male,58.167.248.181
800,Robyn,Burnard,rburnardm7@opera.com,Female,29.14.102.84
801,Irita,Reglar,ireglarm8@slate.com,Female,214.137.239.91
802,Lamond,Pirri,lpirrim9@ifeng.com,Male,243.31.96.122
803,Johnna,Cray,jcrayma@jiathis.com,Female,79.126.23.75
804,Anallise,Leighfield,aleighfieldmb@google.co.uk,Genderfluid,173.254.112.200
805,Reagen,Bernardo,rbernardomc@merriam-webster.com,Male,17.249.208.84
806,Karney,Benyon,kbenyonmd@admin.ch,Male,22.197.163.112
807,Daniel,Tamblingson,dtamblingsonme@shop-pro.jp,Male,172.193.225.106
808,Silvester,Sarch,ssarchmf@addtoany.com,Male,165.63.153.101
809,Eugenia,Isabell,eisabellmg@multiply.com,Female,196.223.171.243
810,Katine,McIntosh,kmcintoshmh@github.io,Female,98.69.138.172
811,Krystle,Postians,kpostiansmi@goodreads.com,Female,92.176.64.132
812,Juana,Mila,jmilamj@buzzfeed.com,Female,160.60.12.240
813,Mabelle,Beggini,mbegginimk@eepurl.com,Female,155.190.192.64
814,Sheppard,Elsey,selseyml@home.pl,Male,86.68.217.222
815,Zarla,Creenan,zcreenanmm@macromedia.com,Female,241.244.82.10
816,Horatia,Donaho,hdonahomn@indiatimes.com,Female,9.23.26.100
817,Roy,Heaton,rheatonmo@bandcamp.com,Male,187.90.158.85
818,Fanechka,Bolter,fboltermp@mapy.cz,Female,112.87.158.192
819,Raimund,O'Dowgaine,rodowgainemq@bbc.co.uk,Male,195.66.116.210
820,Jacquenette,Gregory,jgregorymr@bizjournals.com,Female,146.60.216.27
821,Dolph,Mityashev,dmityashevms@ameblo.jp,Male,118.179.126.189
822,Inesita,McMorran,imcmorranmt@google.nl,Female,216.100.234.81
823,Bev,Potts,bpottsmu@cornell.edu,Female,171.190.25.191
824,Catherina,Fitzhenry,cfitzhenrymv@fc2.com,Female,64.3.130.141
825,Thayne,Reichert,treichertmw@infoseek.co.jp,Male,81.70.126.89
826,Zane,Ryrie,zryriemx@samsung.com,Male,76.168.250.206
827,Kenneth,Seagrave,kseagravemy@networksolutions.com,Polygender,247.62.19.76
828,Vick,MacKean,vmackeanmz@weebly.com,Male,113.43.239.212
829,Neron,Culcheth,nculchethn0@fotki.com,Male,114.92.251.17
830,Krishnah,Brawn,kbrawnn1@reference.com,Male,177.54.137.121
831,Herve,Bunny,hbunnyn2@about.me,Genderfluid,94.28.209.137
832,Kaleb,Godman,kgodmann3@engadget.com,Male,232.237.27.73
833,Haleigh,Handlin,hhandlinn4@google.de,Male,4.173.208.165
834,Jocelin,Petford,jpetfordn5@thetimes.co.uk,Female,246.166.52.238
835,Grove,Douche,gdouchen6@goo.gl,Male,52.136.209.82
836,Lurlene,Adelman,ladelmann7@joomla.org,Female,110.118.184.55
837,Diandra,Baribal,dbaribaln8@forbes.com,Female,36.179.177.155
838,Hugibert,Beecham,hbeechamn9@angelfire.com,Male,69.202.128.254
839,Simone,Gay,sgayna@bandcamp.com,Female,188.214.243.49
840,Benn,Goranov,bgoranovnb@bluehost.com,Male,134.75.222.153
841,Chadwick,MacAndrew,cmacandrewnc@moonfruit.com,Male,101.122.56.111
842,Kyla,Muirhead,kmuirheadnd@princeton.edu,Female,73.233.36.32
843,Lianne,Hawke,lhawkene@freewebs.com,Female,62.240.48.29
844,Truman,Poulsen,tpoulsennf@de.vu,Male,162.196.60.73
845,Jervis,Tellett,jtellettng@ycombinator.com,Male,46.98.243.67
846,Constantino,Booy,cbooynh@dagondesign.com,Male,85.120.102.244
847,Tyrus,Bruffell,tbruffellni@cam.ac.uk,Male,98.2.99.110
848,Pippy,Putland,pputlandnj@barnesandnoble.com,Female,249.227.154.114
849,Avie,Trodden,atroddennk@smugmug.com,Genderfluid,234.105.62.252
850,Janela,Gledhill,jgledhillnl@state.tx.us,Female,175.31.118.160
851,Domenico,Baxill,dbaxillnm@walmart.com,Male,1.36.12.112
852,Mickey,Grise,mgrisenn@shinystat.com,Male,151.17.110.200
853,Rubin,Chedgey,rchedgeyno@usda.gov,Male,27.182.254.157
854,Lonna,Orto,lortonp@sohu.com,Female,237.212.246.151
855,Derril,Loges,dlogesnq@paginegialle.it,Genderqueer,23.4.45.101
856,Garrik,Bru,gbrunr@soup.io,Male,46.147.247.66
857,Costa,Leaney,cleaneyns@netlog.com,Genderfluid,72.12.68.174
858,Timmie,Benza,tbenzant@acquirethisname.com,Non-binary,95.237.40.118
859,Renato,Borsay,rborsaynu@github.com,Male,199.77.206.146
860,Henrieta,Privost,hprivostnv@google.cn,Female,174.69.106.226
861,Tod,Symington,tsymingtonnw@google.co.uk,Male,123.229.19.74
862,Hagen,Kohlert,hkohlertnx@earthlink.net,Male,241.45.32.170
863,Lian,Youles,lyoulesny@alibaba.com,Female,105.134.170.108
864,Bobina,Sadlier,bsadliernz@wiley.com,Female,12.222.157.237
865,Sheba,Tapner,stapnero0@parallels.com,Female,206.100.235.232
866,Chrystal,Venn,cvenno1@shutterfly.com,Female,83.175.50.56
867,Standford,Ferrers,sferrerso2@china.com.cn,Male,236.152.94.166
868,Martica,Aronin,maronino3@mysql.com,Female,57.84.156.132
869,Rozanna,Conrart,rconrarto4@addtoany.com,Female,22.215.168.104
870,Merrily,Felgate,mfelgateo5@netscape.com,Female,28.81.252.191
871,Dale,Priestland,dpriestlando6@yahoo.co.jp,Female,176.77.147.100
872,Corby,Toun,ctouno7@w3.org,Male,159.31.253.227
873,Clerissa,O'Sheils,cosheilso8@miibeian.gov.cn,Female,120.119.190.3
874,Gerry,Argont,gargonto9@irs.gov,Female,44.152.42.62
875,Bevan,Sterzaker,bsterzakeroa@about.me,Non-binary,141.23.200.120
876,Quinn,Hindmore,qhindmoreob@boston.com,Female,170.43.174.57
877,Ray,Knocker,rknockeroc@yolasite.com,Male,68.241.84.72
878,Padraic,Assante,passanteod@hugedomains.com,Male,66.84.170.152
879,Vassili,Rimell,vrimelloe@narod.ru,Male,107.125.149.189
880,Marius,Brute,mbruteof@hubpages.com,Male,9.118.167.4
881,Gay,Vinker,gvinkerog@oaic.gov.au,Female,44.4.97.183
882,David,Rheam,drheamoh@cmu.edu,Male,39.60.255.86
883,Angel,Ramelot,aramelotoi@shinystat.com,Female,76.149.215.222
884,Donnie,Larkin,dlarkinoj@google.es,Male,13.126.216.188
885,Erick,Pucknell,epucknellok@wikispaces.com,Male,47.57.241.138
886,Isac,Taysbil,itaysbilol@tinypic.com,Male,167.56.63.181
887,Misti,Oxbrough,moxbroughom@miibeian.gov.cn,Female,182.167.215.146
888,Stacy,Cuningham,scuninghamon@boston.com,Female,33.42.53.174
889,Jone,Bramsom,jbramsomoo@merriam-webster.com,Male,37.81.34.251
890,Melva,Klaff,mklaffop@mediafire.com,Female,219.86.64.122
891,Hinze,Tattersall,htattersalloq@vimeo.com,Male,250.196.231.144
892,Ruben,Jannequin,rjannequinor@dedecms.com,Male,231.60.208.195
893,Beatrice,Gossipin,bgossipinos@cocolog-nifty.com,Female,19.151.70.62
894,Wilmar,Kuhndel,wkuhndelot@cargocollective.com,Male,194.192.95.2
895,Viola,Trymme,vtrymmeou@geocities.jp,Female,91.13.207.162
896,Sally,Rutherford,srutherfordov@prnewswire.com,Female,83.192.21.195
897,Stanford,Valentinuzzi,svalentinuzziow@mediafire.com,Polygender,157.247.100.120
898,Linus,Cammell,lcammellox@illinois.edu,Male,87.244.6.112
899,Heath,McGoldrick,hmcgoldrickoy@4shared.com,Female,57.96.249.104
900,Leia,Vidgen,lvidgenoz@disqus.com,Female,143.176.40.85
901,Tootsie,Yarrall,tyarrallp0@seattletimes.com,Female,222.0.41.51
902,Cherilyn,Croysdale,ccroysdalep1@about.com,Female,103.223.97.66
903,Benjie,Franchioni,bfranchionip2@uol.com.br,Male,179.75.93.217
904,Pavlov,Binning,pbinningp3@zimbio.com,Male,174.169.42.87
905,Kessia,Antoniewski,kantoniewskip4@globo.com,Female,176.61.145.224
906,Crissy,Valde,cvaldep5@nifty.com,Female,199.100.54.74
907,Dorthea,Priden,dpridenp6@a8.net,Female,110.254.187.101
908,Yoshi,Keiley,ykeileyp7@usnews.com,Genderfluid,150.59.66.158
909,Cal,Ferriere,cferrierep8@irs.gov,Female,151.153.247.218
910,Alvie,Cloonan,acloonanp9@example.com,Male,104.173.235.58
911,Lazaro,Reynault,lreynaultpa@phpbb.com,Genderqueer,36.188.53.246
912,Waldemar,Brereton,wbreretonpb@china.com.cn,Male,214.2.220.131
913,Kliment,Janauschek,kjanauschekpc@unblog.fr,Male,192.72.223.22
914,Michel,Bagster,mbagsterpd@cornell.edu,Male,151.231.218.53
915,Reece,Franzetti,rfranzettipe@ovh.net,Male,160.87.19.119
916,Innis,Ricciardi,iricciardipf@nsw.gov.au,Male,183.160.52.111
917,Shannen,Scroggins,sscrogginspg@microsoft.com,Female,151.48.14.222
918,Aviva,Whatling,awhatlingph@hp.com,Female,60.231.126.96
919,Edwin,Besant,ebesantpi@so-net.ne.jp,Male,86.45.235.99
920,Shela,Leney,sleneypj@bloomberg.com,Polygender,195.67.114.134
921,Duane,Hakeworth,dhakeworthpk@elpais.com,Male,134.215.206.247
922,Suzy,Schonfeld,sschonfeldpl@dedecms.com,Female,168.124.79.101
923,Petra,Dregan,pdreganpm@godaddy.com,Female,142.64.176.31
924,Marice,Extil,mextilpn@elpais.com,Female,207.161.204.82
925,Caprice,While,cwhilepo@rambler.ru,Female,247.238.163.194
926,Tova,Begbie,tbegbiepp@webnode.com,Female,218.7.185.9
927,Wang,Yarn,wyarnpq@hc360.com,Genderqueer,227.150.197.195
928,Berte,McCracken,bmccrackenpr@cdbaby.com,Female,84.19.110.36
929,Tyrus,Sparry,tsparryps@gizmodo.com,Bigender,40.10.201.134
930,Babette,Clogg,bcloggpt@tmall.com,Female,177.95.214.102
931,Claudianus,Canet,ccanetpu@microsoft.com,Non-binary,211.234.162.47
932,Dara,Knapton,dknaptonpv@yellowpages.com,Female,114.41.143.15
933,Shaun,Mossman,smossmanpw@state.tx.us,Male,40.136.239.213
934,Clerc,Arson,carsonpx@craigslist.org,Male,47.173.59.217
935,Nickie,Lindell,nlindellpy@mac.com,Male,184.41.249.89
936,Kerr,Morbey,kmorbeypz@slate.com,Male,113.197.208.39
937,Dallas,Morritt,dmorrittq0@imdb.com,Male,7.237.159.62
938,Ameline,Filipputti,afilipputtiq1@youtube.com,Agender,220.18.124.95
939,Benedicta,Tolumello,btolumelloq2@friendfeed.com,Female,194.133.35.152
940,Berny,O'Rourke,borourkeq3@sun.com,Male,242.137.142.202
941,Nico,Krammer,nkrammerq4@yelp.com,Polygender,10.0.75.151
942,Donovan,Franzolini,dfranzoliniq5@webs.com,Male,82.59.110.231
943,Aurelia,Bruffell,abruffellq6@github.com,Female,89.240.194.194
944,Georges,Alderton,galdertonq7@lulu.com,Male,145.117.248.52
945,Belvia,Bartot,bbartotq8@webmd.com,Genderfluid,145.120.236.195
946,Emory,Disbury,edisburyq9@cbsnews.com,Male,30.138.92.227
947,Davin,Wile,dwileqa@independent.co.uk,Male,141.16.167.63
948,Robert,Hale,rhaleqb@tuttocitta.it,Male,60.51.231.67
949,Thibaut,Bottjer,tbottjerqc@unicef.org,Male,64.84.174.145
950,Cindra,Furmage,cfurmageqd@sohu.com,Female,212.210.222.102
951,Penni,Hackley,phackleyqe@admin.ch,Genderfluid,142.214.172.127
952,Any,Mitrikhin,amitrikhinqf@imgur.com,Male,136.42.207.141
953,Evvie,Cornuau,ecornuauqg@squarespace.com,Female,146.6.32.140
954,Reade,Gissop,rgissopqh@biblegateway.com,Male,162.165.76.167
955,Alethea,Garrick,agarrickqi@ezinearticles.com,Female,48.229.33.121
956,Tori,Hunnaball,thunnaballqj@cornell.edu,Female,94.220.97.59
957,Bevvy,Coppens,bcoppensqk@behance.net,Female,185.30.127.245
958,Lorrayne,Isson,lissonql@ehow.com,Genderfluid,72.11.246.222
959,Hannie,Henriques,hhenriquesqm@foxnews.com,Female,9.194.66.69
960,Tatiana,Richardon,trichardonqn@nydailynews.com,Female,208.27.123.119
961,Dewie,Kelsell,dkelsellqo@g.co,Male,197.43.43.49
962,Rossy,McNellis,rmcnellisqp@archive.org,Male,135.249.53.182
963,Krystyna,Buddock,kbuddockqq@slashdot.org,Female,54.57.131.4
964,Zorina,Tilson,ztilsonqr@weebly.com,Female,68.222.128.129
965,Desiree,Beardow,dbeardowqs@diigo.com,Female,39.245.33.221
966,Thorny,Williams,twilliamsqt@businesswire.com,Male,30.19.111.63
967,Lianna,Crawcour,lcrawcourqu@independent.co.uk,Female,220.11.178.247
968,Marissa,MacGiolla,mmacgiollaqv@1und1.de,Female,148.58.205.173
969,Lula,Wingate,lwingateqw@wikimedia.org,Female,66.254.91.12
970,Jaymie,Wickens,jwickensqx@umn.edu,Polygender,17.234.191.86
971,Kristoforo,Applebee,kapplebeeqy@com.com,Male,33.121.154.166
972,Shae,Godfree,sgodfreeqz@newyorker.com,Male,147.207.70.65
973,Mellicent,Warhurst,mwarhurstr0@soundcloud.com,Female,114.240.60.191
974,Dani,Reeday,dreedayr1@artisteer.com,Male,17.156.196.183
975,Freddy,Henkens,fhenkensr2@ifeng.com,Male,161.65.122.29
976,Evangeline,Antonik,eantonikr3@blogtalkradio.com,Female,115.243.45.231
977,Genevra,Gaiter,ggaiterr4@godaddy.com,Female,213.49.16.91
978,Leroy,Ackhurst,lackhurstr5@de.vu,Male,92.88.183.219
979,Kiley,Domico,kdomicor6@bluehost.com,Female,11.6.121.97
980,Toddy,Charrisson,tcharrissonr7@nature.com,Male,93.245.243.13
981,Nikaniki,Wessing,nwessingr8@mayoclinic.com,Female,237.133.31.138
982,Lorenzo,Stourton,lstourtonr9@free.fr,Male,63.213.47.189
983,Harv,Tidbold,htidboldra@dmoz.org,Male,193.75.65.0
984,Mandel,Briggdale,mbriggdalerb@goodreads.com,Male,200.242.33.110
985,Gallard,Griffoen,ggriffoenrc@xrea.com,Male,164.25.209.56
986,Dallas,O' Lone,dolonerd@biglobe.ne.jp,Genderqueer,150.227.179.93
987,Aggy,Le Barr,alebarrre@studiopress.com,Female,210.129.111.27
988,Dotty,Della Scala,ddellascalarf@jimdo.com,Female,160.145.228.16
989,Boycey,Allcorn,ballcornrg@squidoo.com,Polygender,2.255.12.185
990,Fredrick,Giannazzo,fgiannazzorh@un.org,Polygender,251.6.2.135
991,Mata,Algate,malgateri@cnet.com,Male,97.3.178.137
992,Grove,Meadus,gmeadusrj@goo.ne.jp,Male,157.224.34.202
993,Jobey,de Banke,jdebankerk@techcrunch.com,Female,217.201.183.181
994,Clair,Colville,ccolvillerl@mlb.com,Polygender,24.218.78.55
995,Amalita,Marchi,amarchirm@storify.com,Female,126.218.74.224
996,Mendel,Shortin,mshortinrn@microsoft.com,Male,127.228.216.71
997,Mortimer,Blann,mblannro@imgur.com,Male,102.229.23.109
998,Felicia,Mottinelli,fmottinellirp@angelfire.com,Female,243.180.117.140
999,Alene,Dickman,adickmanrq@jiathis.com,Genderfluid,132.211.56.217
1000,Terrye,Heeks,theeksrr@apple.com,Female,142.27.103.118
